-- MySQL dump 10.13  Distrib 5.5.36, for Linux (i686)
--
-- Host: localhost    Database: transport_vpaslav
-- ------------------------------------------------------
-- Server version	5.5.36-cll-lve

/*!40101 SET @OLD_CHARACTER_SET_CLIENT=@@CHARACTER_SET_CLIENT */;
/*!40101 SET @OLD_CHARACTER_SET_RESULTS=@@CHARACTER_SET_RESULTS */;
/*!40101 SET @OLD_COLLATION_CONNECTION=@@COLLATION_CONNECTION */;
/*!40101 SET NAMES utf8 */;
/*!40103 SET @OLD_TIME_ZONE=@@TIME_ZONE */;
/*!40103 SET TIME_ZONE='+00:00' */;
/*!40014 SET @OLD_UNIQUE_CHECKS=@@UNIQUE_CHECKS, UNIQUE_CHECKS=0 */;
/*!40014 SET @OLD_FOREIGN_KEY_CHECKS=@@FOREIGN_KEY_CHECKS, FOREIGN_KEY_CHECKS=0 */;
/*!40101 SET @OLD_SQL_MODE=@@SQL_MODE, SQL_MODE='NO_AUTO_VALUE_ON_ZERO' */;
/*!40111 SET @OLD_SQL_NOTES=@@SQL_NOTES, SQL_NOTES=0 */;

--
-- Table structure for table `auth_group`
--

DROP TABLE IF EXISTS `auth_group`;
/*!40101 SET @saved_cs_client     = @@character_set_client */;
/*!40101 SET character_set_client = utf8 */;
CREATE TABLE `auth_group` (
  `id` int(11) NOT NULL AUTO_INCREMENT,
  `name` varchar(80) NOT NULL,
  PRIMARY KEY (`id`),
  UNIQUE KEY `name` (`name`)
) ENGINE=InnoDB AUTO_INCREMENT=4 DEFAULT CHARSET=latin1;
/*!40101 SET character_set_client = @saved_cs_client */;

--
-- Dumping data for table `auth_group`
--

LOCK TABLES `auth_group` WRITE;
/*!40000 ALTER TABLE `auth_group` DISABLE KEYS */;
INSERT INTO `auth_group` VALUES (1,'admin'),(2,'customer'),(3,'writer');
/*!40000 ALTER TABLE `auth_group` ENABLE KEYS */;
UNLOCK TABLES;

--
-- Table structure for table `auth_group_permissions`
--

DROP TABLE IF EXISTS `auth_group_permissions`;
/*!40101 SET @saved_cs_client     = @@character_set_client */;
/*!40101 SET character_set_client = utf8 */;
CREATE TABLE `auth_group_permissions` (
  `id` int(11) NOT NULL AUTO_INCREMENT,
  `group_id` int(11) NOT NULL,
  `permission_id` int(11) NOT NULL,
  PRIMARY KEY (`id`),
  UNIQUE KEY `group_id` (`group_id`,`permission_id`),
  KEY `permission_id_refs_id_6ba0f519` (`permission_id`),
  CONSTRAINT `group_id_refs_id_f4b32aac` FOREIGN KEY (`group_id`) REFERENCES `auth_group` (`id`),
  CONSTRAINT `permission_id_refs_id_6ba0f519` FOREIGN KEY (`permission_id`) REFERENCES `auth_permission` (`id`)
) ENGINE=InnoDB AUTO_INCREMENT=51 DEFAULT CHARSET=latin1;
/*!40101 SET character_set_client = @saved_cs_client */;

--
-- Dumping data for table `auth_group_permissions`
--

LOCK TABLES `auth_group_permissions` WRITE;
/*!40000 ALTER TABLE `auth_group_permissions` DISABLE KEYS */;
INSERT INTO `auth_group_permissions` VALUES (29,1,10),(30,1,11),(31,1,12),(32,1,19),(33,1,20),(34,1,21),(35,1,22),(36,1,23),(37,1,24),(38,1,25),(39,1,26),(40,1,27),(9,2,10),(8,2,11),(11,2,12),(16,2,19),(12,2,20),(13,2,21),(14,2,22),(15,2,23),(19,2,24),(18,2,25),(10,2,26),(17,2,27),(41,3,10),(42,3,11),(43,3,12),(44,3,19),(45,3,20),(46,3,21),(47,3,23),(48,3,25),(49,3,26),(50,3,27);
/*!40000 ALTER TABLE `auth_group_permissions` ENABLE KEYS */;
UNLOCK TABLES;

--
-- Table structure for table `auth_permission`
--

DROP TABLE IF EXISTS `auth_permission`;
/*!40101 SET @saved_cs_client     = @@character_set_client */;
/*!40101 SET character_set_client = utf8 */;
CREATE TABLE `auth_permission` (
  `id` int(11) NOT NULL AUTO_INCREMENT,
  `name` varchar(50) NOT NULL,
  `content_type_id` int(11) NOT NULL,
  `codename` varchar(100) NOT NULL,
  PRIMARY KEY (`id`),
  UNIQUE KEY `content_type_id` (`content_type_id`,`codename`),
  CONSTRAINT `content_type_id_refs_id_d043b34a` FOREIGN KEY (`content_type_id`) REFERENCES `django_content_type` (`id`)
) ENGINE=InnoDB AUTO_INCREMENT=28 DEFAULT CHARSET=latin1;
/*!40101 SET character_set_client = @saved_cs_client */;

--
-- Dumping data for table `auth_permission`
--

LOCK TABLES `auth_permission` WRITE;
/*!40000 ALTER TABLE `auth_permission` DISABLE KEYS */;
INSERT INTO `auth_permission` VALUES (1,'Can add log entry',1,'add_logentry'),(2,'Can change log entry',1,'change_logentry'),(3,'Can delete log entry',1,'delete_logentry'),(4,'Can add permission',2,'add_permission'),(5,'Can change permission',2,'change_permission'),(6,'Can delete permission',2,'delete_permission'),(7,'Can add group',3,'add_group'),(8,'Can change group',3,'change_group'),(9,'Can delete group',3,'delete_group'),(10,'Can add user',4,'add_user'),(11,'Can change user',4,'change_user'),(12,'Can delete user',4,'delete_user'),(13,'Can add content type',5,'add_contenttype'),(14,'Can change content type',5,'change_contenttype'),(15,'Can delete content type',5,'delete_contenttype'),(16,'Can add session',6,'add_session'),(17,'Can change session',6,'change_session'),(18,'Can delete session',6,'delete_session'),(19,'Can add comment',7,'add_comment'),(20,'Can change comment',7,'change_comment'),(21,'Can delete comment',7,'delete_comment'),(22,'Can add task',8,'add_task'),(23,'Can change task',8,'change_task'),(24,'Can delete task',8,'delete_task'),(25,'Can add user profile',9,'add_userprofile'),(26,'Can change user profile',9,'change_userprofile'),(27,'Can delete user profile',9,'delete_userprofile');
/*!40000 ALTER TABLE `auth_permission` ENABLE KEYS */;
UNLOCK TABLES;

--
-- Table structure for table `auth_user`
--

DROP TABLE IF EXISTS `auth_user`;
/*!40101 SET @saved_cs_client     = @@character_set_client */;
/*!40101 SET character_set_client = utf8 */;
CREATE TABLE `auth_user` (
  `id` int(11) NOT NULL AUTO_INCREMENT,
  `password` varchar(128) NOT NULL,
  `last_login` datetime NOT NULL,
  `is_superuser` tinyint(1) NOT NULL,
  `username` varchar(30) NOT NULL,
  `first_name` varchar(30) NOT NULL,
  `last_name` varchar(30) NOT NULL,
  `email` varchar(75) NOT NULL,
  `is_staff` tinyint(1) NOT NULL,
  `is_active` tinyint(1) NOT NULL,
  `date_joined` datetime NOT NULL,
  PRIMARY KEY (`id`),
  UNIQUE KEY `username` (`username`)
) ENGINE=InnoDB AUTO_INCREMENT=5 DEFAULT CHARSET=latin1;
/*!40101 SET character_set_client = @saved_cs_client */;

--
-- Dumping data for table `auth_user`
--

LOCK TABLES `auth_user` WRITE;
/*!40000 ALTER TABLE `auth_user` DISABLE KEYS */;
INSERT INTO `auth_user` VALUES (1,'pbkdf2_sha256$12000$6vyoJEMinmt2$8fmnzmCoXzFItnX8eGZpUhm4TrqlT7/Gtp6mKuJbg2w=','2014-03-25 13:47:21',1,'transport','','','qq@qq.xom',1,1,'2014-03-12 15:34:18'),(2,'pbkdf2_sha256$12000$inJ50TvPbeFS$8kd/q3arvkhdUbl6lLrCvsXPnOGAKxt6qKJnbww/dMQ=','2014-03-25 13:57:09',0,'customer','Customer','Customer','foxandkamarus@gmail.com',0,1,'2014-03-12 15:37:04'),(3,'pbkdf2_sha256$12000$WLIFiSFRMe1z$QpwzVSZ5twrUXV283CMcla5UhszFzzB3YQaBSXcIHt8=','2014-03-25 14:09:03',0,'admin','Admin','Admin','workforum@ukr.net',0,1,'2014-03-12 15:37:37'),(4,'pbkdf2_sha256$12000$PFwlPQSMhvb7$IcwIN6SjLixuZCErksFHG3OrNz3t+XCKSU/z7p5LPMU=','2014-03-25 14:09:50',0,'writer','Writer','Writer','cust@ukt.rnt',0,1,'2014-03-12 15:37:58');
/*!40000 ALTER TABLE `auth_user` ENABLE KEYS */;
UNLOCK TABLES;

--
-- Table structure for table `auth_user_groups`
--

DROP TABLE IF EXISTS `auth_user_groups`;
/*!40101 SET @saved_cs_client     = @@character_set_client */;
/*!40101 SET character_set_client = utf8 */;
CREATE TABLE `auth_user_groups` (
  `id` int(11) NOT NULL AUTO_INCREMENT,
  `user_id` int(11) NOT NULL,
  `group_id` int(11) NOT NULL,
  PRIMARY KEY (`id`),
  UNIQUE KEY `user_id` (`user_id`,`group_id`),
  KEY `group_id_refs_id_274b862c` (`group_id`),
  CONSTRAINT `user_id_refs_id_40c41112` FOREIGN KEY (`user_id`) REFERENCES `auth_user` (`id`),
  CONSTRAINT `group_id_refs_id_274b862c` FOREIGN KEY (`group_id`) REFERENCES `auth_group` (`id`)
) ENGINE=InnoDB AUTO_INCREMENT=7 DEFAULT CHARSET=latin1;
/*!40101 SET character_set_client = @saved_cs_client */;

--
-- Dumping data for table `auth_user_groups`
--

LOCK TABLES `auth_user_groups` WRITE;
/*!40000 ALTER TABLE `auth_user_groups` DISABLE KEYS */;
INSERT INTO `auth_user_groups` VALUES (4,2,2),(5,3,1),(6,4,3);
/*!40000 ALTER TABLE `auth_user_groups` ENABLE KEYS */;
UNLOCK TABLES;

--
-- Table structure for table `auth_user_user_permissions`
--

DROP TABLE IF EXISTS `auth_user_user_permissions`;
/*!40101 SET @saved_cs_client     = @@character_set_client */;
/*!40101 SET character_set_client = utf8 */;
CREATE TABLE `auth_user_user_permissions` (
  `id` int(11) NOT NULL AUTO_INCREMENT,
  `user_id` int(11) NOT NULL,
  `permission_id` int(11) NOT NULL,
  PRIMARY KEY (`id`),
  UNIQUE KEY `user_id` (`user_id`,`permission_id`),
  KEY `permission_id_refs_id_35d9ac25` (`permission_id`),
  CONSTRAINT `user_id_refs_id_4dc23c39` FOREIGN KEY (`user_id`) REFERENCES `auth_user` (`id`),
  CONSTRAINT `permission_id_refs_id_35d9ac25` FOREIGN KEY (`permission_id`) REFERENCES `auth_permission` (`id`)
) ENGINE=InnoDB DEFAULT CHARSET=latin1;
/*!40101 SET character_set_client = @saved_cs_client */;

--
-- Dumping data for table `auth_user_user_permissions`
--

LOCK TABLES `auth_user_user_permissions` WRITE;
/*!40000 ALTER TABLE `auth_user_user_permissions` DISABLE KEYS */;
/*!40000 ALTER TABLE `auth_user_user_permissions` ENABLE KEYS */;
UNLOCK TABLES;

--
-- Table structure for table `comments`
--

DROP TABLE IF EXISTS `comments`;
/*!40101 SET @saved_cs_client     = @@character_set_client */;
/*!40101 SET character_set_client = utf8 */;
CREATE TABLE `comments` (
  `id` int(11) NOT NULL AUTO_INCREMENT,
  `title` varchar(100) NOT NULL,
  `body` longtext NOT NULL,
  `created` datetime NOT NULL,
  `rating` smallint(6) NOT NULL,
  `ctask_id` int(11) NOT NULL,
  `cowner_id` int(11) NOT NULL,
  PRIMARY KEY (`id`),
  KEY `cowner_id_refs_id_7e062414` (`cowner_id`),
  KEY `ctask_id_refs_id_7cfa6d9b` (`ctask_id`),
  CONSTRAINT `ctask_id_refs_id_7cfa6d9b` FOREIGN KEY (`ctask_id`) REFERENCES `tasks` (`id`),
  CONSTRAINT `cowner_id_refs_id_7e062414` FOREIGN KEY (`cowner_id`) REFERENCES `auth_user` (`id`)
) ENGINE=InnoDB AUTO_INCREMENT=2 DEFAULT CHARSET=latin1;
/*!40101 SET character_set_client = @saved_cs_client */;

--
-- Dumping data for table `comments`
--

LOCK TABLES `comments` WRITE;
/*!40000 ALTER TABLE `comments` DISABLE KEYS */;
INSERT INTO `comments` VALUES (1,'title111','gggg','2014-03-25 12:51:02',0,4,4);
/*!40000 ALTER TABLE `comments` ENABLE KEYS */;
UNLOCK TABLES;

--
-- Table structure for table `django_admin_log`
--

DROP TABLE IF EXISTS `django_admin_log`;
/*!40101 SET @saved_cs_client     = @@character_set_client */;
/*!40101 SET character_set_client = utf8 */;
CREATE TABLE `django_admin_log` (
  `id` int(11) NOT NULL AUTO_INCREMENT,
  `action_time` datetime NOT NULL,
  `user_id` int(11) NOT NULL,
  `content_type_id` int(11) DEFAULT NULL,
  `object_id` longtext,
  `object_repr` varchar(200) NOT NULL,
  `action_flag` smallint(5) unsigned NOT NULL,
  `change_message` longtext NOT NULL,
  PRIMARY KEY (`id`),
  KEY `user_id_refs_id_c0d12874` (`user_id`),
  KEY `content_type_id_refs_id_93d2d1f8` (`content_type_id`),
  CONSTRAINT `content_type_id_refs_id_93d2d1f8` FOREIGN KEY (`content_type_id`) REFERENCES `django_content_type` (`id`),
  CONSTRAINT `user_id_refs_id_c0d12874` FOREIGN KEY (`user_id`) REFERENCES `auth_user` (`id`)
) ENGINE=InnoDB AUTO_INCREMENT=3 DEFAULT CHARSET=latin1;
/*!40101 SET character_set_client = @saved_cs_client */;

--
-- Dumping data for table `django_admin_log`
--

LOCK TABLES `django_admin_log` WRITE;
/*!40000 ALTER TABLE `django_admin_log` DISABLE KEYS */;
INSERT INTO `django_admin_log` VALUES (1,'2014-03-21 10:01:56',1,3,'1','admin',2,'Changed permissions.'),(2,'2014-03-25 12:27:01',1,3,'3','writer',2,'Changed permissions.');
/*!40000 ALTER TABLE `django_admin_log` ENABLE KEYS */;
UNLOCK TABLES;

--
-- Table structure for table `django_content_type`
--

DROP TABLE IF EXISTS `django_content_type`;
/*!40101 SET @saved_cs_client     = @@character_set_client */;
/*!40101 SET character_set_client = utf8 */;
CREATE TABLE `django_content_type` (
  `id` int(11) NOT NULL AUTO_INCREMENT,
  `name` varchar(100) NOT NULL,
  `app_label` varchar(100) NOT NULL,
  `model` varchar(100) NOT NULL,
  PRIMARY KEY (`id`),
  UNIQUE KEY `app_label` (`app_label`,`model`)
) ENGINE=InnoDB AUTO_INCREMENT=10 DEFAULT CHARSET=latin1;
/*!40101 SET character_set_client = @saved_cs_client */;

--
-- Dumping data for table `django_content_type`
--

LOCK TABLES `django_content_type` WRITE;
/*!40000 ALTER TABLE `django_content_type` DISABLE KEYS */;
INSERT INTO `django_content_type` VALUES (1,'log entry','admin','logentry'),(2,'permission','auth','permission'),(3,'group','auth','group'),(4,'user','auth','user'),(5,'content type','contenttypes','contenttype'),(6,'session','sessions','session'),(7,'comment','comments','comment'),(8,'task','general','task'),(9,'user profile','userprofile','userprofile');
/*!40000 ALTER TABLE `django_content_type` ENABLE KEYS */;
UNLOCK TABLES;

--
-- Table structure for table `django_session`
--

DROP TABLE IF EXISTS `django_session`;
/*!40101 SET @saved_cs_client     = @@character_set_client */;
/*!40101 SET character_set_client = utf8 */;
CREATE TABLE `django_session` (
  `session_key` varchar(40) NOT NULL,
  `session_data` longtext NOT NULL,
  `expire_date` datetime NOT NULL,
  PRIMARY KEY (`session_key`)
) ENGINE=InnoDB DEFAULT CHARSET=latin1;
/*!40101 SET character_set_client = @saved_cs_client */;

--
-- Dumping data for table `django_session`
--

LOCK TABLES `django_session` WRITE;
/*!40000 ALTER TABLE `django_session` DISABLE KEYS */;
INSERT INTO `django_session` VALUES ('2117i48s6uwaifxv2c1akbxly9xg82dj','NzkyNjljZDcwMzAzZTBlYTIyMjdhNzE0ZTVjNWEwOGUwNDA3NTYwODp7Il9hdXRoX3VzZXJfYmFja2VuZCI6InVzZXJwcm9maWxlLmF1dGguVXNlclByb2ZpbGVCYWNrZW5kIiwiX2F1dGhfdXNlcl9pZCI6NH0=','2014-04-08 14:09:50'),('gwraarze8x8y39h4lszg53d9bg0r7wtc','ZDUyZTNlYmMxMzUyNDgxYWFiYzg2YWFmNTUzMzYzMzgzYmUyOTNhNjp7Il9hdXRoX3VzZXJfYmFja2VuZCI6InVzZXJwcm9maWxlLmF1dGguVXNlclByb2ZpbGVCYWNrZW5kIiwiX2F1dGhfdXNlcl9pZCI6M30=','2014-04-04 13:17:10'),('m5g6j7b1gqnqnk0ib8c8chqbdegtiud6','ZGM1ZTVhNDg0YTQwOGQ3ZmM0MjgyMzVmMmJlYTdlZWE0ZGRkOWE4ZDp7fQ==','2014-04-04 10:08:56'),('y53llxmu99ran74x4nf69cxiqzreoi8d','OGI2YTYwYmQ5YTJmMjk5MzM0MTA5ZDdhNDBiZWJlOGFjNTAyYzNkNTp7Il9hdXRoX3VzZXJfYmFja2VuZCI6InVzZXJwcm9maWxlLmF1dGguVXNlclByb2ZpbGVCYWNrZW5kIiwiX2F1dGhfdXNlcl9pZCI6Mn0=','2014-04-04 10:34:33');
/*!40000 ALTER TABLE `django_session` ENABLE KEYS */;
UNLOCK TABLES;

--
-- Table structure for table `tasks`
--

DROP TABLE IF EXISTS `tasks`;
/*!40101 SET @saved_cs_client     = @@character_set_client */;
/*!40101 SET character_set_client = utf8 */;
CREATE TABLE `tasks` (
  `id` int(11) NOT NULL AUTO_INCREMENT,
  `paper_title` varchar(100) NOT NULL,
  `discipline` varchar(100) NOT NULL,
  `assigment` varchar(100) NOT NULL,
  `level` varchar(100) NOT NULL,
  `urgency` int(11) NOT NULL,
  `spacing` smallint(6) NOT NULL,
  `page_number` smallint(6) NOT NULL,
  `style` smallint(6) NOT NULL,
  `source_number` smallint(6) NOT NULL,
  `instructions` longtext NOT NULL,
  `attach` varchar(100) DEFAULT NULL,
  `discount` varchar(100) NOT NULL,
  `accept_terms` tinyint(1) NOT NULL,
  `ttype` smallint(6) NOT NULL,
  `access_level` smallint(6) NOT NULL,
  `owner_id` int(11) NOT NULL,
  `assignee_id` int(11) DEFAULT NULL,
  `created` datetime NOT NULL,
  `updated` datetime NOT NULL,
  `completed` datetime DEFAULT NULL,
  `status` smallint(6) NOT NULL,
  PRIMARY KEY (`id`),
  KEY `owner_id_refs_id_ba4d12bb` (`owner_id`),
  KEY `assignee_id_refs_id_ba4d12bb` (`assignee_id`),
  CONSTRAINT `assignee_id_refs_id_ba4d12bb` FOREIGN KEY (`assignee_id`) REFERENCES `auth_user` (`id`),
  CONSTRAINT `owner_id_refs_id_ba4d12bb` FOREIGN KEY (`owner_id`) REFERENCES `auth_user` (`id`)
) ENGINE=InnoDB AUTO_INCREMENT=5 DEFAULT CHARSET=latin1;
/*!40101 SET character_set_client = @saved_cs_client */;

--
-- Dumping data for table `tasks`
--

LOCK TABLES `tasks` WRITE;
/*!40000 ALTER TABLE `tasks` DISABLE KEYS */;
INSERT INTO `tasks` VALUES (1,'1234','hs','es','hs',21600,1,123,2,123,'2222222222222222222222222222222222222222222222222222222222222222222222222222222222222222222222222222222222222222222222222222222222222222222222222222222222222222222222222222222222222222222222222222222222222222222222222222222222222222222222222222222222222222222222222222222222222222222222222222222222222222222222222222222222222222222222222222222222222222222222222222222222222222222222222222222222222222222222222222222222222222222222222222222222222222222222222222222222222222222222222222222222222222222222222222222222222222222222222222222222222222222222222222222222222','','1234',1,1,0,2,NULL,'2014-03-21 10:06:45','2014-03-25 13:46:47',NULL,0),(2,'123456','ln','re','hs',21600,2,1234,3,123,'123456123456123456123456123456123456123456123456123456123456123456123456123456123456123456123456123456123456123456123456123456123456123456123456123456123456123456123456123456123456123456123456123456123456123456123456123456123456123456123456123456123456123456123456123456123456123456123456123456123456123456123456123456123456123456123456123456123456123456123456123456123456123456123456123456123456123456123456123456123456123456123456123456123456123456123456123456123456123456123456123456123456123456123456123456123456123456123456123456123456123456123456123456123456123456123456123456123456123456123456123456123456123456123456123456123456123456123456123456123456123456123456','','12345',1,1,0,2,NULL,'2014-03-21 10:07:20','2014-03-25 13:54:27',NULL,0),(3,'3233','rg','cs','ms',518400,2,123,1,123,'3233323332333233323332333233323332333233323332333233323332333233323332333233323332333233323332333233323332333233\r\n3233323332333233323332333233323332333233323332333233323332333233323332333233323332333233323332333233\r\n3233323332333233323332333233323332333233323332333233323332333233323332333233323332333233323332333233\r\n32333233323332333233323332333233323332333233323332333233323332333233323332333233323332333233323332333233\r\n323332333233323332333233323332333233323332333233323332333233323332333233323332333233323332333233','','12345',1,1,0,3,NULL,'2014-03-21 10:08:02','2014-03-25 13:56:41',NULL,0),(4,'1234566666666','ln','re','co',21600,1,12345,2,1234,'1234566666666123456666666612345666666661234566666666123456666666612345666666661234566666666123456666666612345666666661234566666666\r\n123456666666612345666666661234566666666123456666666612345666666661234566666666\r\n12345666666661234566666666123456666666612345666666661234566666666123456666666612345666666661234566666666123456666666612345666666661234566666666\r\n123456666666612345666666661234566666666123456666666612345666666661234566666666123456666666612345666666661234566666666\r\n123456666666612345666666661234566666666123456666666612345666666661234566666666123456666666612345666666661234566666666\r\n12345666666661234566666666123456666666612345666666661234566666666123456666666612345666666661234566666666\r\n123456666666612345666666661234566666666123456666666612345666666661234566666666123456666666612345666666661234566666666\r\n123456666666612345666666661234566666666123456666666612345666666661234566666666123456666666612345666666661234566666666\r\n1234566666666123456666666612345666666661234566666666123456666666612345666666661234566666666123456666666612345666666661234566666666123456666666612345666666661234566666666','','123333',1,1,0,2,NULL,'2014-02-21 10:06:45','2014-03-25 13:52:45',NULL,0);
/*!40000 ALTER TABLE `tasks` ENABLE KEYS */;
UNLOCK TABLES;

--
-- Table structure for table `user_profiles`
--

DROP TABLE IF EXISTS `user_profiles`;
/*!40101 SET @saved_cs_client     = @@character_set_client */;
/*!40101 SET character_set_client = utf8 */;
CREATE TABLE `user_profiles` (
  `user_ptr_id` int(11) NOT NULL,
  `gender` smallint(6) NOT NULL,
  `country` varchar(100) NOT NULL,
  `phone` varchar(100) NOT NULL,
  `updated` datetime NOT NULL,
  PRIMARY KEY (`user_ptr_id`),
  CONSTRAINT `user_ptr_id_refs_id_738769bc` FOREIGN KEY (`user_ptr_id`) REFERENCES `auth_user` (`id`)
) ENGINE=InnoDB DEFAULT CHARSET=latin1;
/*!40101 SET character_set_client = @saved_cs_client */;

--
-- Dumping data for table `user_profiles`
--

LOCK TABLES `user_profiles` WRITE;
/*!40000 ALTER TABLE `user_profiles` DISABLE KEYS */;
INSERT INTO `user_profiles` VALUES (1,1,'UA','123','2014-03-12 16:35:16'),(2,0,'AF','123','2014-03-12 15:37:30'),(3,0,'AF','123','2014-03-17 11:31:26'),(4,0,'AF','222','2014-03-12 15:38:24');
/*!40000 ALTER TABLE `user_profiles` ENABLE KEYS */;
UNLOCK TABLES;
/*!40103 SET TIME_ZONE=@OLD_TIME_ZONE */;

/*!40101 SET SQL_MODE=@OLD_SQL_MODE */;
/*!40014 SET FOREIGN_KEY_CHECKS=@OLD_FOREIGN_KEY_CHECKS */;
/*!40014 SET UNIQUE_CHECKS=@OLD_UNIQUE_CHECKS */;
/*!40101 SET CHARACTER_SET_CLIENT=@OLD_CHARACTER_SET_CLIENT */;
/*!40101 SET CHARACTER_SET_RESULTS=@OLD_CHARACTER_SET_RESULTS */;
/*!40101 SET COLLATION_CONNECTION=@OLD_COLLATION_CONNECTION */;
/*!40111 SET SQL_NOTES=@OLD_SQL_NOTES */;

-- Dump completed on 2014-03-25 15:27:32
